PRECINCT,LOCATION,ADDRESS
BELLEVILLE 1,Apostolic Church,"1648 La Salle St. Belleville, IL 62221"
BELLEVILLE 2,Apostolic Church,"1648 La Salle St. Belleville, IL 62221"
BELLEVILLE 3,Eastview Baptist Church,"211 Sherman St Belleville, IL 62221"
BELLEVILLE 4,Charles E Nichols Center,"515 E D St Belleville, IL 62220"
BELLEVILLE 5,Orchards Restaurant,"1499 Golf Course Dr Belleville, IL 62220"
BELLEVILLE 6,Franklin School (GYM),"301 N 2nd St Belleville, IL 62220"
BELLEVILLE 7,Henry Raab School,"400 S. 13th St. Belleville, IL 62220"
BELLEVILLE 8,Union School,"20 S 27th St Belleville, IL 62226"
BELLEVILLE 9,Abraham Lincoln School (New Gym),"820 Royal Heights Rd Belleville, IL 62223"
BELLEVILLE 10,CAVE-Center for Acedemic & Voc. Excellence,"7645 Magna Dr. Belleville, IL 62223"
BELLEVILLE 11,Northwest Fire Station #1,"1513 N. Belt West Belleville, IL 62226"
BELLEVILLE 12,Abraham Lincoln School (New Gym),"820 Royal Heights Rd Belleville, IL 62223"
BELLEVILLE 13,St Henrys Grade School (Gym),"5301 W Main St Belleville, IL 62223"
BELLEVILLE 14,St Henrys Grade School (Gym),"5301 W Main St Belleville, IL 62223"
BELLEVILLE 15,Signal Hill Sch (Old Gym),"40 Signal Hill Pl Belleville, IL 62223"
BELLEVILLE 16,Westhaven School,"118 Westhaven School Rd Belleville, IL 62220"
BELLEVILLE 17,Roosevelt School (Gym),"700 W. Cleveland Ave. Belleville, IL 62220"
BELLEVILLE 18,CAVE-Center for Acedemic & Voc. Excellence,"7645 Magna Dr. Belleville, IL 62223"
BELLEVILLE 19,Union School,"20 S 27th St Belleville, IL 62226"
BELLEVILLE 20,Plumbers And Pipefitters Local #101,"8 Premier Drive Belleville, IL 62220"
BELLEVILLE 21,Washington School,"400 S Charles St Belleville, IL 62220"
BELLEVILLE 22,Westhaven School,"118 Westhaven School Rd Belleville, IL 62220"
BELLEVILLE 23,Douglas School (Gym),"125 Carlyle Av Belleville, IL 62220"
BELLEVILLE 24,Douglas School (Gym),"125 Carlyle Av Belleville, IL 62220"
BELLEVILLE 25,Illinois Center For Autism,"1306 Wabash Av Belleville, IL 62220"
CANTEEN 1,Fairmont City Community Ctr,"4001 Cookson Rd Fairmont City, IL 62201"
CANTEEN 2,Sheet Metal Workers #268 (Lower Level),"2727 N. 89th St. Caseyville, IL 62232"
CANTEEN 3,Avant Elementary School (Gym),"1915 N. 55th St. Washington Park, IL 62204"
CANTEEN 4,Avant Elementary School (Gym),"1915 N. 55th St. Washington Park, IL 62204"
CANTEEN 5,Mounds Public Water District,"1 Paul St Collinsville, IL 62234"
CASEYVILLE 1,Hollywood Hgts Fire,"1214 Hollywood Hgts Rd Caseyville, IL 62232"
CASEYVILLE 2,Christ Church,"339 Frank Scott Parkway East Fairview Hgts, IL 62208"
CASEYVILLE 3,Municipal Building (Rear Recreation Room),"10025 Bunkum Rd. Fairview Heights, IL 62208"
CASEYVILLE 4,The Rec Complex,"9950 Bunkum Rd Fairview Heights, IL 62208"
CASEYVILLE 5,Collinsville H.S. (Fine Arts Center),"2201 S. Morrison Ave. Collinsville, IL 62234"
CASEYVILLE 6,O'Fallon High School Milburn Campus,"650 Milburn School Rd. O'Fallon, IL 62269"
CASEYVILLE 7,Caseyville Community Center,"909 S. Main St. Caseyville, IL 62232"
CASEYVILLE 8,The Rec Complex,"9950 Bunkum Rd. Fairview Heights, IL 62208"
CASEYVILLE 9,Parkview Church Of The Nazarene,"50 Longacre Dr Fairview Heights, IL 62208"
CASEYVILLE 10,Holy Trinity Cath Ch Parish Cntr,"505 Fountains Parkway Fairview Heights, IL 62208"
CASEYVILLE 11,Holy Trinity Cath Ch Parish Cntr,"505 Fountains Parkway Fairview Heights, IL 62208"
CASEYVILLE 12,O'Fallon Fire Dept/Headquarters,"1215 Taylor Rd. O Fallon, IL 62269"
CASEYVILLE 13,Parkview Church Of The Nazarene,"50 Longacre Dr Fairview Heights, IL 62208"
CASEYVILLE 14,Christ Church,"339 Frank Scott Parkway East Fairview Heights, IL 62208"
CASEYVILLE 15,Christ Church,"339 Frank Scott Parkway East Fairview Heights, IL 62208"
CASEYVILLE 16,Collinsville H.S. (Fine Arts Center),"2201 S. Morrison Ave. Collinsville, IL 62234"
CASEYVILLE 17,Caseyville Community Center,"909 S. Main St. Caseyville, IL 62232"
CASEYVILLE 18,Holy Trinity Cath Ch Parish Cntr,"505 Fountains Parkway Fairview Heights, IL 62208"
CASEYVILLE 19,Pontiac School(Rear Entrance-Gym),"400 Ashland Avenue Fairview Heights, IL 62208"
CASEYVILLE 20,Municipal Building (Rear Recreation Room),"10025 Bunkum Rd. Fairview Heights, IL 62208"
CASEYVILLE 21,Caseyville Township Garage,"6990 Old Collinsville Rd Ofallon, IL 62269"
CASEYVILLE 22,Pontiac School(Rear Entrance-Gym),"400 Ashland Avenue Fairview Heights, IL 62208"
CENTREVILLE 1,Community Center,"4822 McCasland Ave Cahokia Heights, IL 62207"
CENTREVILLE 2,Cahokia Fitness & Sports Complex,"509 Camp Jackson Rd Cahokia Heights, IL 62206"
CENTREVILLE 3,Lalumier Elementary School (Gym),"6702 Bond Ave Cahokia Heights, IL 62207"
CENTREVILLE 4,Signal Hill Fire Dept,"329 Hazel Av Belleville, IL 62223"
CENTREVILLE 5,Cahokia High School (Gym),"800 Range Ln. Cahokia Heights, IL 62206"
CENTREVILLE 6,Midway Fire Department,"200 North 74th St Cahokia Heights, IL 62203"
CENTREVILLE 7,New Destiny Ministries,"535 State Route 3 Cahokia Heights, IL 62206"
CENTREVILLE 8,Cahokia Nutrition Center,"190 Cahokia Park Dr. Cahokia Heights, IL 62206"
CENTREVILLE 9,Cahokia High School (Gym),"800 Range Ln. Cahokia Heights, IL 62206"
CENTREVILLE 10,Power Of Change Church,"2348 Jerome Ln Cahokia Heights, IL 62206"
ENGELMANN 1,Engelmann Township Building,"7083 Highbanks Rd Mascoutah, IL 62258"
FAYETTEVILLE 1,Fayetteville Village Hall,"2212 Main Ave. Fayetteville, IL 62258"
FAYETTEVILLE 2,St Libory Multi Purpose Ctr,"1009 Lincoln St St Libory, IL 62282"
FREEBURG 1,Freeburg High School,"401 S. Monroe St. Freeburg, IL 62243"
FREEBURG 2,Freeburg High School,"401 S. Monroe St. Freeburg, IL 62243"
FREEBURG 3,Freeburg High School,"401 S. Monroe St. Freeburg, IL 62243"
LEBANON 1,McKendree Univ. Convocation Center (Gym),"610 Alton St. Lebanon, IL 62254"
LEBANON 2,McKendree Univ. Convocation Center (Gym),"610 Alton St. Lebanon, IL 62254"
LEBANON 3,Lebanon Township Office,"10182 Summerfield South Rd. Trenton, IL 62293"
LENZBURG 1,Lenzburg Community Center,"215 N Charles St Lenzburg, IL 62255"
MARISSA 1,Marissa High School,"300 School View Dr. Marissa, IL 62257"
MASCOUTAH 1,Mascoutah H.S. (Gym),"1313 W. Main St. Mascoutah, IL 62258"
MASCOUTAH 2,Mascoutah H.S. (Gym),"1313 W. Main St. Mascoutah, IL 62258"
MASCOUTAH 3,Mascoutah H.S. (Gym),"1313 W. Main St. Mascoutah, IL 62258"
MASCOUTAH 4,Mascoutah H.S. (Gym),"1313 W. Main St. Mascoutah, IL 62258"
MILLSTADT 1,Millstadt Community Center,"102 S Jefferson St Millstadt, IL 62260"
MILLSTADT 2,Township Hall,"820 S Jefferson St Millstadt, IL 62260"
MILLSTADT 3,St Michaels Parish Hall (Convent),"4576 Buss Branch Rd Paderborn, IL 62298"
MILLSTADT 4,Village Hall,"111 W Laurel St Millstadt, IL 62260"
MILLSTADT 5,Millstadt Consolidated School,"211 West Mill Street Millstadt, IL 62260"
NEW ATHENS 1,Community Hall,"406 Chester St New Athens, IL 62264"
NEW ATHENS 2,Community Hall,"406 Chester St New Athens, IL 62264"
O FALLON 1,O'Fallon Township Building,"801 E State St O Fallon, IL 62269"
O FALLON 2,Katy Cavins Community Center,"309 E. 5th St. O Fallon, IL 62269"
O FALLON 3,O'Fallon Township Building,"801 E State St O Fallon, IL 62269"
O FALLON 4,McKendree Univ. Convocation Center (Gym),"610 Alton St. Lebanon, IL 62254"
O FALLON 5,United Church Of Christ,"206 W Adams St O Fallon, IL 62269"
O FALLON 6,Katy Cavins Community Center,"309 E. 5th St. O Fallon, IL 62269"
O FALLON 7,St Nicholas Catholic Church,"625 St Nicholas Dr O Fallon, IL 62269"
O FALLON 8,St Nicholas Catholic Church,"625 St Nicholas Dr O Fallon, IL 62269"
O FALLON 9,St Michael's Episcopal Church,"111 O Fallon Troy Rd O Fallon, IL 62269"
O FALLON 10,St Clare Catholic Church,"1411 Cross St O Fallon, IL 62269"
O FALLON 11,New Life In Christ Church,"689 Scott Troy Rd Lebanon, IL 62254"
O FALLON 12,Blessed Savior Lutheran Ch,"1205 N Lincoln Ave O Fallon, IL 62269"
O FALLON 13,O'Fallon Fire Dept/Headquarters,"1215 Taylor Rd. O Fallon, IL 62269"
O FALLON 14,Katy Cavins Community Center,"309 E. 5th St. O Fallon, IL 62269"
O FALLON 15,New Life In Christ Church,"689 Scott Troy Rd Lebanon, IL 62254"
O FALLON 16,St Michael's Episcopal Church,"111 O Fallon Troy Rd O Fallon, IL 62269"
O FALLON 17,Katy Cavins Community Center,"309 E. 5th St. O Fallon, IL 62269"
O FALLON 18,Katy Cavins Community Center,"309 E. 5th St. O Fallon, IL 62269"
PRAIRIE DU LONG 1,Broad Hollow Grange,"6733 Robinson School Rd New Athens, IL 62264"
PRAIRIE DU LONG 2,Smithton Senior Citizens Ctr,"711 S Main St Smithton, IL 62285"
ST CLAIR 1,Thompson Civic Center,"1501 Caseyville Ave Swansea, IL 62226"
ST CLAIR 2,Regional Office Of Education,"1000 S Illinois St Belleville, IL 62220"
ST CLAIR 3,Teamsters Local 50,"1609 N. Illinois St. Swansea, IL 62226"
ST CLAIR 4,Regional Office Of Education,"1000 S Illinois St Belleville, IL 62220"
ST CLAIR 5,East Side Fire House,"3111 East B Street Rd Belleville, IL 62221"
ST CLAIR 6,Christ Church,"339 Frank Scott Parkway East Fairview Hgts, IL 62208"
ST CLAIR 7,Northwest St Clair Cty Fire Dept,"3407 S Belt West Belleville, IL 62226"
ST CLAIR 8,Wolf Branch Middle School,"410 Huntwood Rd Swansea, IL 62226"
ST CLAIR 9,Abraham Lincoln School (New Gym),"820 Royal Heights Rd Belleville, IL 62223"
ST CLAIR 10,Plumbers And Pipefitters Local #101,"8 Premier Drive Belleville, IL 62220"
ST CLAIR 11,Teamsters Local 50,"1609 N. Illinois St. Swansea, IL 62226"
ST CLAIR 12,Whiteside Middle School,"111 Warrior Way Belleville, IL 62221"
ST CLAIR 13,East Side Fire House,"3111 East B Street Rd Belleville, IL 62221"
ST CLAIR 14,First Church Of The Nazarene,"1901 Lebanon Av Belleville, IL 62221"
ST CLAIR 15,Christ Church,"339 Frank Scott Parkway East Fairview Hgts, IL 62208"
ST CLAIR 16,Whiteside Middle School,"111 Warrior Way Belleville, IL 62221"
ST CLAIR 17,Garden City Church,"704 N Green Mount Rd Shiloh, IL 62221"
ST CLAIR 18,First Church Of The Nazarene,"1901 Lebanon Av Belleville, IL 62221"
ST CLAIR 19,B.A.S.S.C. (Off Green Mount Rd),"2411 Pathways Crossing Belleville, IL 62221"
ST CLAIR 20,Wolf Branch Middle School,"410 Huntwood Rd Swansea, IL 62226"
ST CLAIR 21,Whiteside Middle School,"111 Warrior Way Belleville, IL 62221"
ST CLAIR 22,Whiteside Middle School,"111 Warrior Way Belleville, IL 62221"
ST CLAIR 23,Garden City Church,"704 N Green Mount Rd Shiloh, IL 62221"
ST CLAIR 24,Wolf Branch Middle School,"410 Huntwood Rd. Swansea, IL 62226"
SHILOH VALLEY 1,Village Of Shiloh (Klucker Hall),"14 Park Dr Shiloh, IL 62269"
SHILOH VALLEY 2,Shiloh Valley Township Bldg,"1370 Shiloh Station Rd Belleville, IL 62221"
SHILOH VALLEY 3,Shiloh Valley Senior Ctr Bldg,"6 Park Dr Shiloh, IL 62269"
SHILOH VALLEY 4,Shiloh Valley Township Bldg,"1370 Shiloh Station Rd Belleville, IL 62221"
SHILOH VALLEY 5,Garden City Church,"704 N Green Mount Rd Shiloh, IL 62221"
SMITHTON 1,Smithton Senior Citizens Ctr,"711 S Main St Smithton, IL 62285"
SMITHTON 2,Smithton Senior Citizens Ctr,"711 S Main St Smithton, IL 62285"
SMITHTON 3,Catholic War Vets Post 370,"3535 State Rt 159 Freeburg, IL 62243"
STITES 1,Brooklyn Village Hall,"312 S 5th St Brooklyn, IL 62059"
STOOKEY 1,Quail Club,"8303 Concordia Church Rd. Belleville, IL 62223"
STOOKEY 2,Harmony-Emge School (Gym),"7401 Westchester Dr. Belleville, IL 62223"
STOOKEY 3,Signal Hill Sch (Old Gym),"40 Signal Hill Pl Belleville, IL 62223"
STOOKEY 4,Signal Hill Fire Dept,"329 Hazel Av Belleville, IL 62223"
STOOKEY 5,Belleville West HS (Performing Arts Cntr),"4063 Frank Scott Parkway West Belleville, IL 62223"
STOOKEY 6,Villa Hills Fire Station,"100 Conniston Dr Belleville, IL 62223"
STOOKEY 7,Harmony-Emge School (Gym),"7401 Westchester Dr. Belleville, IL 62223"
SUGAR LOAF 1,Thermo Door Company,"7508 Triple Lakes Rd East Carondelet, IL 62240"
SUGAR LOAF 2,East Carondelet Village Hall,"950 State St East Carondelet, IL 62240"
SUGAR LOAF 3,First Baptist Church of Dupo,"620 Godin Ave. Dupo, IL 62239"
SUGAR LOAF 4,First Baptist Church of Dupo,"620 Godin Ave. Dupo, IL 62239"
SUGAR LOAF 5,First Baptist Church of Dupo,"620 Godin Ave. Dupo, IL 62239"
